feature,importance
imerg_nbr3,0.5217647887523105
imerg,0.1873949053299568
imerg_pct,0.08472386077440212
imerg_cond_intensity,0.023453978798322058
imerg_wet_frac,0.022739515517230167
imerg_roll7,0.01531126299741938
imerg_mw_frac,0.011795672313523888
wind_speed,0.011335819225113928
cape,0.010408725949360693
tcwv_max,0.009230928121507323
t2m,0.00899480396839938
wind_sin,0.008713218158919334
tcwv,0.008334164369603709
doy_sin,0.0075508337685873134
moist_flux,0.006337527240841929
lc_frac_grass,0.0061517294913624055
cape_max,0.0061441654026406995
doy_cos,0.006056768537272432
dem_mean,0.005585094706291493
lc_frac_shrub,0.005131343810501926
wind_cos,0.004505620144122626
lc_frac_developed,0.004160842553183773
dem_std,0.0037602795607298944
slope_mean,0.0037329010202515047
lc_frac_crop,0.0036315175121364542
lc_frac_forest,0.0031493604968875787
imperv_mean,0.0031042819888003966
lc_frac_barren,0.002852069068419875
lc_frac_water,0.0016958233315934248
lc_frac_wetland,0.001451867751137878
imerg_prob_liquid,0.000796329339169183
